aim_ag_texture2,
aim_ag_texture2_house_b1,
aim_ag_texture_city_advanced,
aim_ag_texture_jungle,
aim_ag_texture_mini,
aim_aimbot,
aim_ak-colt_winter_fusion_2010,
aim_ak,
aim_ak47_2013_v2,
aim_ak_colt_dazh,
aim_coltwar,
aim_crazyjump,
aim_deag_con,
aim_deagle,
aim_deagle7k,
aim_deagle_arena,
aim_deagle_asimov,
aim_deagle_ultra,
aim_deagle_warehouse_v4_v34,
aim_dust2,
aim_extreme,
aim_fast_frags,
aim_furiouz,
aim_glockage,
aim_glockon,
aim_icemap,
aim_ikigai_ep,
aim_island_ep,
aim_m4a1_r3,
aim_m4a1_shipment_ep,
aim_map_usp,
aim_office,
aim_redline,
aim_simpsons_h,
aim_stalker,
aim_standoff_ep,
aim_transit_v34,
awp_$2000$,
awp_crash,
awp_deathcanyon2,
awp_deluxe2k15_fix,
awp_facti0n_esl,
awp_facti0n_v2,
awp_galaxy,
awp_garden,
awp_inclinc_v34,
awp_india_v2,
awp_knivez,
awp_lego,
awp_lego2k10,
awp_lego_2,
awp_lego_2010_v2,
awp_lego_2011,
awp_lego_2_x2,
awp_lego_3x_v34,
awp_lego_8_ultimate_v1,
awp_lego_square,
awp_park2,
awp_perfect,
awp_ruins_final,
awp_snow_container2_v34,
awp_urban_css,
awp_winter_train_station_v34,
awp_world_block,
esl_awp_manor,
esl_awp_pirapira,
35hp_2_2010,
35hp_airborne_v2_ep,
35hp_edge_fix,
35hp_iceworld_fix,
35hp_lockdown,
3mc_training,
3mc_training_v2,
6000,
fy_battleforce_iceworld,
fy_buzzkill_css,
fy_italy,
fy_pool_day_reloaded,
fy_poolparty_no_rush_v2,
fy_poolparty_v2_norush_fixed,
fy_poolparty_v3_fix_norush,
fy_simpsons_h,
