Ze_Flying_World_v34,
ze_13_v2_fix,
ze_2012_,
ze_30_Seconds__b21_v34f,
ze_30_seconds_fix_v34,
ze_666_crazy_escape_ep_rf4,
ze_FireWaLL_laboratory_2_3_v34,
ze_Get_To_The_Chopper_fix17,
ze_HL2_motorway_V3,
ze_LOTR_Helms_Deep_v3_2,
ze_LOTR_Mines_of_Moria_6_3_v34,
ze_PotC_v3_4fix_v34,
ze_S_A_M_a40_ep,
ze_abandoned_factory,
ze_aepp_nano_grid2_b2s_p,
ze_aepp_nano_grid2_b2s_p_fixed,
ze_alien_shooter_v7_fix_2,
ze_alien_shooter_v7fix.bsp,
ze_amko_escape_v1337_fix,
ze_antfarm_2vs_v34,
ze_apollo_beta,
ze_arctic_escape_v1,
ze_ardeca_revamp_s_ep,
ze_artika_base_v1_2s_ep_f,
ze_ashen_keep_v0_3_za,
ze_atix_helicopter_i3d_c1_v34,
ze_atix_panic_ep_fix,
ze_avp_finalbest1_fix_v34,
ze_aztec_temple_v3d_v34,
ze_barrage_v1_v34,
ze_bathroom_v2_5s_ep,
ze_biohazard2_sewer_v4c_fix2,
ze_biohazard_v2b_004,
ze_bisounours_party_v1_1_v34,
ze_blackmesa_remix_v2_5_v34,
ze_boacceho_p4p,
ze_boatescape101_v2_1_v34,
ze_boatescape6_remix_xmas,
ze_boatescape_extendido_ep_f2,
ze_bp_infested_prison_ep,
ze_breakable_v1_5fix2_v34,
ze_candy_star_p,
ze_ccc_floator_mislands_v34,
ze_chicken_lords_tower_2mix5f,
ze_christmas_beta_p_fix,
ze_christmas_infection_2_3_v34,
ze_colors_v1_v34,
ze_corrup_r1_ep,
ze_crashbandicoot_beta_v34fin,
ze_crazy_escape_v5_2f_ep,
ze_cursed_ruins_v2s_v34f,
ze_cyberderp_v1_4_v34,
ze_death_star_escape_v4_2,
ze_death_star_escape_v4_3_ep,
ze_defense3002_ep_fix2,
ze_defense3003_ep,
ze_doom_wad_bv4_fix,
ze_doorhug_and_solo_v5_2_v34,
ze_dreamin_v1_8s_v34f,
ze_dust_escape_v1,
ze_echo_boatescape_extended,
ze_elevator_escape__final,
ze_elevator_escape_v4,
ze_epic_end_v4_3_ep,
ze_escape_horizon_v3c,
ze_escape_stroggos_b4p,
ze_eternal_void_v3_5a,
ze_evernight_a3_4_css_ep,
ze_exchange_innovation_v1f_v34,
ze_fapescape_v1_2_v34f2_za,
ze_fapescape_v1_2_v34f4_za,
ze_fapescape_v34fin2,
ze_fear_escape_v4,
ze_fear_extended_v1a,
ze_ffvii_mako_reactor_v5_3lal,
ze_ffxii_paramina_rift_v1_3fal,
ze_ffxii_westersand_v8b4f_lal,
ze_forestbunkers_v2_fix,
ze_forius_just_run_v34f2_ep,
ze_frozentemple_b8_3_ep,
ze_gameshow_v1_2_v34f,
ze_gargantua_v2_0_v34x,
ze_genso_of_last_v3_6_v34,
ze_gods_wrath_v3_9_fix,
ze_grand_boat_escape_v1_9p,
ze_greencity_v1_2_v34,
ze_halo_LatINs_v34,
ze_haunted_lab_escape_fix,
ze_hazard_escape_sc_i3d_v3c,
ze_hdr_oil_tanker_v2,
ze_hellz_co-operation_b5,
ze_hellz_rescuebase_v1,
ze_hidden_fortress_v1_0p,
ze_hidden_temple_v2_v34rf,
ze_hold_em_v10_fixed,
ze_horizon_sky_escape_b1s_ep,
ze_iamlegend_b2,
ze_ice_hold_b2p,
ze_icecap_escape_b6,
ze_icecap_escape_v5_fix,
ze_inboxed_v1_5_v34,
ze_indiana_jones_v4a_004,
ze_industrial_plant_v2_2_v34,
ze_infected_sewers_v4_LatINs,
ze_isla_nublar_v2_1_epf,
ze_island_escape_ep_f5,
ze_island_escape_sg_01,
ze_italy_town_v2,
ze_journey_v1_2_v34f,
ze_jurassicpark_p3_v34rfix,
ze_jurassicpark_v2,
ze_jurassicpark_v3_fix3,
ze_kebab_immigrant_v3_1_ep,
ze_kebab_immigrant_v3_ep,
ze_knife_fun_fix_ep,
ze_l0v0l_a7_v34_za,
ze_legoland_crackheads_2_v34rf,
ze_licciana_escape_v2,
ze_lila_panic_escape_v34fix3,
ze_lotr_minas_tiret_v4_2_fix,
ze_lotr_mount_doom_v2_3f,
ze_luciddreams_v3x_ep,
ze_luck_matters_v1ds_p_fix,
ze_luigismanison_fix2_v34f,
ze_m_the_final_v1_4f_ep,
ze_magala_castle_final_v34_ep,
ze_magic_carpet_v1_0_v34,
ze_mario_tower_v4,
ze_mars_escape_za,
ze_meatropolis_v34_ep_f3,
ze_minecraft_adventure_v34fix,
ze_minecraft_adventure_v34fix2,
ze_minecraft_final_fix,
ze_mirrors_edge_reb_v4_2_v34,
ze_mirrors_edge_v4_3rf_ep,
ze_mission_survive_p1,
ze_mountainpass_v3,
ze_mytex_escape_v3,
ze_nagi_b1_1s_v34,
ze_naruto_v2_7e_fix,
ze_necromanteion_v3_1s_fix_v34,
ze_new_crazy_escape_v4_ep,
ze_nik_allinone_v2,
ze_nik_cv_island_v3,
ze_no_title_v1_3f2_ep,
ze_notredame_v1_3p_fix,
ze_nuke_v1fix4_v34,
ze_ny_marathon_v4_1_v34,
ze_opti_variety_missions_ep,
ze_otakuroom_v5_6fs_v34f,
ze_pandora_revolutionz_v34rf,
ze_paradise_v1,
ze_paranoid_turbo_v7,
ze_paranoid_v4_1,
ze_parkour_fix3_v34,
ze_percocet_v5_s_ep,
ze_phantasy_escape_fixed_b1,
ze_pirates_port_royal_v3_9p,
ze_pirotexnik_v1p,
ze_pkmn_adventure_v7_2s_v34,
ze_point_doom2_nav72_sg06_v34,
ze_por_island_v3,
ze_por_island_v34f2,
ze_portal_story_v3_8f,
ze_potc_iv_v5_fix_v34ffix,
ze_potc_iv_v6_1_v34,
ze_potc_v3_3,
ze_predator_ultimate_v4_fin,
ze_predator_ultimate_v4_zae,
ze_pro_defend_v1fix_p,
ze_prototype_v7fix,
ze_raccoon_facility_v5c,
ze_raccoon_facility_v6b_v34,
ze_radio_building_v1_3_v34,
ze_random_v17,
ze_random_v19_za,
ze_random_v19_za_f,
ze_re4_castle_a3_v34,
ze_re_surf_skyline_ep_f,
ze_reloaded_v1_fix,
ze_resonance_cascade_v1_4,
ze_retribution,
ze_river_escape_v3_fix2,
ze_rocket_escape_r1_p,
ze_rocket_escape_r1_p_f,
ze_rollermine_factory_v4,
ze_rooftop_reborn_v3_2f_v34,
ze_rooftop_runaway2_v5,
ze_rooftop_runaway2_v6_v34,
ze_rooftop_runaway_extended_v6,
ze_sandstorm_f1_v34,
ze_saw_final_fixed,
ze_sc_turtles_v5,
ze_serious_sam_tfe_v1_4f_v34,
ze_sewage_processing_b7f,
ze_sewer_escape__final,
ze_sg1_missions_v2,
ze_shaurma_v3_b06_v34,
ze_shortnight_v2,
ze_showdown_v4_1,
ze_shroomforest2_v1_v34f_za,
ze_shroomforest_v6_fix,
ze_siberia_1990_v1_2fix,
ze_sit_caelum_paradisus_v34,
ze_skill_escape_v15,
ze_sky_athletic_v5_final_exp,
ze_sky_athletic_v5_final_fix,
ze_skyscraper_v34,
ze_slender_escape_b4_fix2,
ze_something_ordinary_v2,
ze_something_ordinary_v3f,
ze_sorrento_reborn_v1f_v34,
ze_sorrento_xmas_v4_v34,
ze_space_flight_v1_1_v34,
ze_space_stationzz,
ze_sst_v2_b2_v34,
ze_stab_town_panic_fix,
ze_stalker_ultimate_a2_6f,
ze_standart_map_final_fix3,
ze_stargate_escape_v7,
ze_sunkentemple_v3_2s_ep,
ze_sunlight_v2_0_v34f,
ze_surf_bona_ep_fix2,
ze_surf_danger_p2_ep,
ze_surf_facility_v2_3_ep,
ze_surf_gypt_v1_3s_ep,
ze_surf_outside_s3_ep,
ze_surf_sahok_t5_9_v34,
ze_surf_saltfish_css2_v2_ep,
ze_surf_saltfish_v1f3_v34,
ze_surf_shonyudo_v34f,
ze_surf_shonyudo_v5_2rf,
ze_surf_sky_b3_ep,
ze_surf_virtus_s_ep_f,
ze_surf_virtus_s_ep_f4,
ze_surf_vortex_v1_9p_fix2,
ze_temple_escape_p_fix,
ze_ten_keys_b2fix_v34,
ze_tesv_skyrim_v4_p2,
ze_thelostworld_redux_101j_v34,
ze_thousand_steps_b7f_v34,
ze_tilex_escape,
ze_timesplitters_v1_2,
ze_timesplitters_v1_3_v34rf,
ze_titanic_cqd_pycc-team_v34,
ze_titanic_escape_v2_2,
ze_toaster_v1fix2_v34,
ze_totemo_roka_b5s_v34,
ze_trainescape_final,
ze_turokbase2_v2,
ze_undercave_es_mi_v1_5_ep,
ze_underground_escape__final,
ze_ut2004_convoy_v2_2_1f,
ze_venice_escape_b2p,
ze_vietnam_ep_fix,
ze_volcano_fix,
ze_voodoo_islands_v4_007_v34,
ze_voodoo_islands_v7,
ze_world_escapes_v2f_ep,
ze_zombierig_v4_3_v34f,
ze_ztastic_v1_b,
ze_ztastic_v2_ep,