de_alexandra,
de_alexandra2,
de_bedbugs,
de_cache_csgo2020,
de_cache_v34,
de_cefalu,
de_contra,
de_cpl_fire,
de_cpl_mill,
de_cpl_strike,
de_dolls,
de_dust2_csgo_b5_ep,
de_dust2_industry,
de_dust2_mariostyle,
de_dust2_night,
de_dust2_old,
de_dust2_unlimited,
de_dust2_winter,
de_dust_old,
de_forest,
de_gambaru,
de_icewerk,
de_inferno,
de_inferno_classic,
de_inferno_pro,
de_menace_final,
de_mirage_csgo,
de_mirage_csgo_v2,
de_mirage_v34,
de_nuke_csgo,
de_nuke_old_blue_ep,
de_nuke_opt_beta,
de_oilfine,
de_overpass_csgo,
de_pyramid_css,
de_rats_kitchen,
de_rats_poporoom_b3,
de_russka,
de_season,
de_train_csgo,
de_tuscan,
de_vegas_css,
de_villa,
de_westwood,
de_westwood_07,