surf_10x_reloaded_fixed,
surf_10x_reloaded_fixed_ep,
surf_110b_austinpowers,
surf_20_12_06,
surf_4fun_nv_v34,
surf_4head,
surf_XII_v1,
surf_abhorrence,
surf_ag_texture_final,
surf_aim_akcolt,
surf_aim_akcolt_v3,
surf_aim_dust2008_double_v2,
surf_akai_f1n4l,
surf_amplitude_apex,
surf_animals,
surf_awp,
surf_bathroom_dm,
surf_bathroom_final,
surf_buck-around,
surf_buck-ed_up,
surf_buck-fever,
surf_buck-this_ep,
surf_buck-wild,
surf_buzzkill2,
surf_calibration,
surf_candyskate_pb_ep,
surf_catalyst,
surf_cbble_day,
surf_colos2,
surf_crossroads,
surf_crzyfrog_reloaded,
surf_desolate,
surf_diverge,
surf_dust2005_final,
surf_dust2_2008_final,
surf_dust2_2011_csgo,
surf_dust_paradise_final_2,
surf_dusty_roads,
surf_ember,
surf_flowing,
surf_forbidden_tomb,
surf_forbidden_tomb2,
surf_forbidden_tomb2_nj,
surf_forbidden_tomb3,
surf_forbidden_tomb3_nj,
surf_forbidden_tomb_nj,
surf_forbidden_ways_reloaded,
surf_fruits,
surf_fruits_nj,
surf_graphia,
surf_greatriver_sgx_v4_1,
surf_greatriver_xdre4m,
surf_greatriver_xtreme_v4,
surf_green_impact_fix,
surf_grige,
surf_healthy_v34,
surf_heroics,
surf_hob_v34,
surf_home_sweet_home_v4,
surf_ing_v34,
surf_intrepid_ep,
surf_japan_ptad,
surf_japan_reloaded,
surf_kitsune_v34,
surf_legends,
surf_lessons_v34,
surf_lexia,
surf_liberation,
surf_liberation_nj,
surf_lithium2_nj,
surf_lore,
surf_machine4,
surf_machine_reloaded,
surf_machine_remix_v2,
surf_mai_redone,
surf_mai_remix,
surf_matrix_v8,
surf_meister_v3_final2,
surf_monster,
surf_monster_v2,
surf_nature,
surf_ny_advance,
surf_ny_platinum,
surf_ny_platinum_nj,
surf_omnibus,
surf_omnibus_ny,
surf_pipe,
surf_plaguelands_beta7a,
surf_plaguelands_beta7a_nj,
surf_pleb-life2_ep,
surf_poolday,
surf_rebel_resistance_final11,
surf_rebel_resistance_final3,
surf_rr_reloaded_light,
surf_ski_2_source_ep_f,
surf_ski_2_source_ep_f2,
surf_skyworld2,
surf_superk,
surf_the_distance_v34,
surf_thrill3r_final,
surf_tibet,
surf_triangle,
surf_ultimatum_nj,
surf_vegetables,
surf_vegetables_nj,
surf_wavelength_v2,
surf_xgb-latinium,
surf_xiv_v2a,
surf_year3000,