zm_16chambres_epf,
zm_420_beachstrike,
zm_420_office_v5,
zm_4way_tunnel_v2,
zm_Mk_dust2_papys_aperos_v6,
zm_an_kapras,
zm_atix_helicopter_e1f_ep,
zm_atix_panic_b3t,
zm_bank_office_v2_ep,
zm_base_day,
zm_boatescape6_remix,
zm_bridge_run_v1,
zm_canals_classic_eh_v2_ep,
zm_cbble_b4_xyl,
zm_cbglc_b4,
zm_chudo_escape_booms,
zm_city17,
zm_clouds_v2_1_ep,
zm_continents_ep,
zm_crazycity,
zm_critical_v1_v34,
zm_csk_mini_newgrounds_ver1,
zm_csk_phantom_town,
zm_dangerous_base_v8,
zm_deko2,
zm_desert_fortress_v2,
zm_downtown,
zm_dust2,
zm_dust2_classic,
zm_dust_arena_v1_final,
zm_dust_world_b1,
zm_dustway_sloneczny_v34f,
zm_echo_italy_reloaded,
zm_echo_warehouse_v1,
zm_endless_v2_0_ded,
zm_fast_final_ep,
zm_floating_rock_v5,
zm_foda_e2_css,
zm_forgotten_town,
zm_fun_arena_v3,
zm_fun_world_4_css,
zm_gbox6_css,
zm_gbox7_css,
zm_ghs_wild_cbble_b1,
zm_gorodok_v1,
zm_hellarch,
zm_hook_b3_fp_ep,
zm_ice_attack_source,
zm_ice_attack_v2,
zm_ice_vk_fix2,
zm_lila_epic,
zm_lila_panic_173,
zm_lila_panic_371,
zm_lila_panic_beach_2_fix_v1_e,
zm_lila_panic_l_v3,
zm_lila_panic_redemption_b2,
zm_lila_panicked,
zm_london_v1_0_ep,
zm_melong__sky2,
zm_miniature_room_v1,
zm_neko_abura_v2,
zm_neko_garden_v5_aso,
zm_nuke_final_rt,
zm_nzapolice_remix,
zm_onadega_v3nn,
zm_piranesi_b1_ep,
zm_playtime_ep,
zm_plaza_ep,
zm_powerhub_neon_beta,
zm_pulse_crazywarehouse_v3_fix,
zm_pulse_templeofdoom_final,
zm_remix_glac_nazgul_v3,
zm_restart_css,
zm_roflicious_b1,
zm_ruined_town,
zm_siberia_v2,
zm_snowbase,
zm_stab_smugglersdust_v2a,
zm_storagehouse_v2c,
zm_swampland_v1_css_ep,
zm_tiny_ground_v1,
zm_titan_dust_v2b,
zm_toxic_house_css_v3_ep,
zm_trakinax_tubo_css,
zm_tx_highschoolbeta7,
zm_tzr1,
zm_undergrounds_zh,
zm_vendetta_v1_ep,
zm_vnv_v2,
zm_westwood_final,
zm_wild_land,
zm_winter_forrest,
zm_winterfun_b4a,
zh_dust2_final,
